{
  "1": {
    "conversion_factor": 3934.2887654355472,
    "total_value_usd": 28282906919.0,
    "total_weight_tons": 7188823.344
  },
  "2": {
    "conversion_factor": 3419.486187458777,
    "total_value_usd": 168763099153.0,
    "total_weight_tons": 49353350.153
  },
  "3": {
    "conversion_factor": 4681.940194087823,
    "total_value_usd": 138899749267.0,
    "total_weight_tons": 29667134.459
  },
  "4": {
    "conversion_factor": 2730.8586371992897,
    "total_value_usd": 114136883633.0,
    "total_weight_tons": 41795236.882
  },
  "5": {
    "conversion_factor": 1945.7793626577381,
    "total_value_usd": 11829092335.0,
    "total_weight_tons": 6079359.542
  },
  "6": {
    "conversion_factor": 3587.1231823992157,
    "total_value_usd": 23659031606.0,
    "total_weight_tons": 6595544.7870000005
  },
  "7": {
    "conversion_factor": 917.3622821682617,
    "total_value_usd": 99874142616.0,
    "total_weight_tons": 108870993.017
  },
  "8": {
    "conversion_factor": 1582.5230426659757,
    "total_value_usd": 163365879786.0,
    "total_weight_tons": 103231280.292
  },
  "9": {
    "conversion_factor": 4577.052536803816,
    "total_value_usd": 73494166456.0,
    "total_weight_tons": 16057094.793
  },
  "10": {
    "conversion_factor": 307.3135358217971,
    "total_value_usd": 153851761901.0,
    "total_weight_tons": 500634511.557
  },
  "11": {
    "conversion_factor": 635.6168554194094,
    "total_value_usd": 27169532391.0,
    "total_weight_tons": 42745141.447
  },
  "12": {
    "conversion_factor": 572.6032372190118,
    "total_value_usd": 134516346813.0,
    "total_weight_tons": 234920688.654
  },
  "13": {
    "conversion_factor": 7174.613877404626,
    "total_value_usd": 9383515509.0,
    "total_weight_tons": 1307877.423
  },
  "14": {
    "conversion_factor": 268.9818627076903,
    "total_value_usd": 1961446686.0,
    "total_weight_tons": 7292115.038
  },
  "15": {
    "conversion_factor": 1258.0193967648943,
    "total_value_usd": 156759937999.0,
    "total_weight_tons": 124608522.255
  },
  "16": {
    "conversion_factor": 5284.40167616258,
    "total_value_usd": 59894559070.0,
    "total_weight_tons": 11334217.711
  },
  "17": {
    "conversion_factor": 765.9430404803677,
    "total_value_usd": 73476507775.0,
    "total_weight_tons": 95929467.19500001
  },
  "18": {
    "conversion_factor": 6397.738654990002,
    "total_value_usd": 88981493685.0,
    "total_weight_tons": 13908272.67
  },
  "19": {
    "conversion_factor": 3120.317168212659,
    "total_value_usd": 110186074572.0,
    "total_weight_tons": 35312459.802
  },
  "20": {
    "conversion_factor": 1888.8696419316727,
    "total_value_usd": 88816227817.0,
    "total_weight_tons": 47020835.025
  },
  "21": {
    "conversion_factor": 4506.751268720933,
    "total_value_usd": 111071419921.0,
    "total_weight_tons": 24645562.468
  },
  "22": {
    "conversion_factor": 693.0264171267925,
    "total_value_usd": 149861504806.0,
    "total_weight_tons": 216242124.546
  },
  "23": {
    "conversion_factor": 568.4094852066405,
    "total_value_usd": 112430215281.0,
    "total_weight_tons": 197797922.461
  },
  "24": {
    "conversion_factor": 13654.965384016517,
    "total_value_usd": 58419798908.0,
    "total_weight_tons": 4278282.461
  },
  "25": {
    "conversion_factor": 73.07434533983387,
    "total_value_usd": 63855432330.0,
    "total_weight_tons": 873842003.415
  },
  "26": {
    "conversion_factor": 167.1511887350453,
    "total_value_usd": 357339505129.0,
    "total_weight_tons": 2137822098.863
  },
  "27": {
    "conversion_factor": 469.87857965716677,
    "total_value_usd": 2946272313754.0,
    "total_weight_tons": 6270284369.855
  },
  "28": {
    "conversion_factor": 877.2544505346048,
    "total_value_usd": 184407823519.0,
    "total_weight_tons": 210210188.625
  },
  "29": {
    "conversion_factor": 1943.0882492671576,
    "total_value_usd": 471756961486.0,
    "total_weight_tons": 242787203.136
  },
  "30": {
    "conversion_factor": 114447.86833284053,
    "total_value_usd": 858775070440.0,
    "total_weight_tons": 7503635.349
  },
  "31": {
    "conversion_factor": 380.7167322562843,
    "total_value_usd": 96771917035.0,
    "total_weight_tons": 254183514.503
  },
  "32": {
    "conversion_factor": 3722.7674969937634,
    "total_value_usd": 89329432292.0,
    "total_weight_tons": 23995436.826
  },
  "33": {
    "conversion_factor": 13585.39452965654,
    "total_value_usd": 178685025866.0,
    "total_weight_tons": 13152729.976
  },
  "34": {
    "conversion_factor": 2317.943076393306,
    "total_value_usd": 79601320497.0,
    "total_weight_tons": 34341361.23
  },
  "35": {
    "conversion_factor": 4045.6935737627555,
    "total_value_usd": 41103071573.0,
    "total_weight_tons": 10159709.534
  },
  "36": {
    "conversion_factor": 6375.538525468882,
    "total_value_usd": 7532811634.0,
    "total_weight_tons": 1181517.703
  },
  "37": {
    "conversion_factor": 19973.269869369415,
    "total_value_usd": 15044931361.0,
    "total_weight_tons": 753253.296
  },
  "38": {
    "conversion_factor": 2878.6685539081855,
    "total_value_usd": 268663805025.0,
    "total_weight_tons": 93329190.212
  },
  "39": {
    "conversion_factor": 2485.474289618141,
    "total_value_usd": 726895391383.0,
    "total_weight_tons": 292457417.25
  },
  "40": {
    "conversion_factor": 3638.0381028237402,
    "total_value_usd": 229001552847.0,
    "total_weight_tons": 62946441.564
  },
  "41": {
    "conversion_factor": 3185.282274574745,
    "total_value_usd": 16651186829.0,
    "total_weight_tons": 5227538.847
  },
  "42": {
    "conversion_factor": 20555.428812143342,
    "total_value_usd": 91196532556.0,
    "total_weight_tons": 4436615.426
  },
  "43": {
    "conversion_factor": 68558.8555767564,
    "total_value_usd": 3433700900.0,
    "total_weight_tons": 50083.988
  },
  "44": {
    "conversion_factor": 455.3235062625924,
    "total_value_usd": 152935092377.0,
    "total_weight_tons": 335882268.922
  },
  "45": {
    "conversion_factor": 6376.143144504368,
    "total_value_usd": 1998670982.0,
    "total_weight_tons": 313460.808
  },
  "46": {
    "conversion_factor": 5284.144051079343,
    "total_value_usd": 2534889050.0,
    "total_weight_tons": 479716.114
  },
  "47": {
    "conversion_factor": 486.06178266304,
    "total_value_usd": 60856249918.0,
    "total_weight_tons": 125202704.859
  },
  "48": {
    "conversion_factor": 1331.7613333226745,
    "total_value_usd": 190079007619.0,
    "total_weight_tons": 142727531.475
  },
  "49": {
    "conversion_factor": 8304.544304147554,
    "total_value_usd": 33854250874.0,
    "total_weight_tons": 4076593.445
  },
  "50": {
    "conversion_factor": 46698.55473784245,
    "total_value_usd": 1624889241.0,
    "total_weight_tons": 34795.279
  },
  "51": {
    "conversion_factor": 9520.873159540484,
    "total_value_usd": 9537029948.0,
    "total_weight_tons": 1001696.986
  },
  "52": {
    "conversion_factor": 3125.922212513768,
    "total_value_usd": 51305046957.0,
    "total_weight_tons": 16412771.486
  },
  "53": {
    "conversion_factor": 2108.309441570098,
    "total_value_usd": 6477099731.0,
    "total_weight_tons": 3072176.979
  },
  "54": {
    "conversion_factor": 3915.252199688842,
    "total_value_usd": 51321671651.0,
    "total_weight_tons": 13108139.408
  },
  "55": {
    "conversion_factor": 3188.609298032221,
    "total_value_usd": 37788943268.0,
    "total_weight_tons": 11851230.344
  },
  "56": {
    "conversion_factor": 4421.522392551603,
    "total_value_usd": 29480625677.0,
    "total_weight_tons": 6667528.299
  },
  "57": {
    "conversion_factor": 4321.974640888955,
    "total_value_usd": 16522375003.0,
    "total_weight_tons": 3822876.434
  },
  "58": {
    "conversion_factor": 9625.277277370025,
    "total_value_usd": 11573492074.0,
    "total_weight_tons": 1202406.096
  },
  "59": {
    "conversion_factor": 7433.834352896818,
    "total_value_usd": 26822752868.0,
    "total_weight_tons": 3608198.891
  },