{
  "1": {
    "conversion_factor": 3881.7871522403666,
    "total_value_usd": 27158020216.0,
    "total_weight_tons": 6996267.222
  },
  "2": {
    "conversion_factor": 3427.677311925003,
    "total_value_usd": 160213638526.0,
    "total_weight_tons": 46741167.253
  },
  "3": {
    "conversion_factor": 5002.375264063985,
    "total_value_usd": 136819356333.0,
    "total_weight_tons": 27350878.155
  },
  "4": {
    "conversion_factor": 2775.197475195191,
    "total_value_usd": 109692122478.0,
    "total_weight_tons": 39525880.035
  },
  "5": {
    "conversion_factor": 1876.1183041084346,
    "total_value_usd": 11586841346.0,
    "total_weight_tons": 6175965.194
  },
  "6": {
    "conversion_factor": 3618.3839807743416,
    "total_value_usd": 23240385907.0,
    "total_weight_tons": 6422863.364
  },
  "7": {
    "conversion_factor": 930.9736609150178,
    "total_value_usd": 95024240507.0,
    "total_weight_tons": 102069741.064
  },
  "8": {
    "conversion_factor": 1558.540405933265,
    "total_value_usd": 147150810678.0,
    "total_weight_tons": 94415781.662
  },
  "9": {
    "conversion_factor": 4401.191625996827,
    "total_value_usd": 63903579519.0,
    "total_weight_tons": 14519608.54
  },
  "10": {
    "conversion_factor": 335.017619873967,
    "total_value_usd": 165198513645.0,
    "total_weight_tons": 493103955.867
  },
  "11": {
    "conversion_factor": 704.1477800482666,
    "total_value_usd": 29019188061.0,
    "total_weight_tons": 41211786.621
  },
  "12": {
    "conversion_factor": 642.8413539592354,
    "total_value_usd": 152734464219.0,
    "total_weight_tons": 237592779.74
  },
  "13": {
    "conversion_factor": 8245.665062962958,
    "total_value_usd": 9345096312.0,
    "total_weight_tons": 1133334.454
  },
  "14": {
    "conversion_factor": 294.90582862392745,
    "total_value_usd": 1826656619.0,
    "total_weight_tons": 6194033.626
  },
  "15": {
    "conversion_factor": 1252.809342549379,
    "total_value_usd": 154566580642.0,
    "total_weight_tons": 123375980.201
  },
  "16": {
    "conversion_factor": 5590.433182169445,
    "total_value_usd": 58206161160.0,
    "total_weight_tons": 10411744.361
  },
  "17": {
    "conversion_factor": 801.1052648293718,
    "total_value_usd": 72003244757.0,
    "total_weight_tons": 89879879.609
  },
  "18": {
    "conversion_factor": 4507.36206327445,
    "total_value_usd": 61584678060.0,
    "total_weight_tons": 13663130.939
  },
  "19": {
    "conversion_factor": 3172.705931781252,
    "total_value_usd": 105701104050.0,
    "total_weight_tons": 33315758.322
  },
  "20": {
    "conversion_factor": 1834.8797533620277,
    "total_value_usd": 83083224042.0,
    "total_weight_tons": 45279928.502
  },
  "21": {
    "conversion_factor": 4508.876776566175,
    "total_value_usd": 103324916187.0,
    "total_weight_tons": 22915888.215
  },
  "22": {
    "conversion_factor": 145.5826556142163,
    "total_value_usd": 149501070291.0,
    "total_weight_tons": 1026915394.9710001
  },
  "23": {
    "conversion_factor": 636.3837423220247,
    "total_value_usd": 112871148160.0,
    "total_weight_tons": 177363343.3
  },
  "24": {
    "conversion_factor": 13514.181115904436,
    "total_value_usd": 60320718622.0,
    "total_weight_tons": 4463512.669
  },
  "25": {
    "conversion_factor": 94.00243809282163,
    "total_value_usd": 72293489924.0,
    "total_weight_tons": 769059732.819
  },
  "26": {
    "conversion_factor": 176.7380278015661,
    "total_value_usd": 341528747059.0,
    "total_weight_tons": 1932401030.538
  },
  "27": {
    "conversion_factor": 508.62221951477267,
    "total_value_usd": 3078015991476.0,
    "total_weight_tons": 6051674255.231
  },
  "28": {
    "conversion_factor": 1041.9351003616139,
    "total_value_usd": 193713617657.0,
    "total_weight_tons": 185917162.777
  },
  "29": {
    "conversion_factor": 2129.1207122649257,
    "total_value_usd": 479473332697.0,
    "total_weight_tons": 225197815.199
  },
  "30": {
    "conversion_factor": 118132.96453357566,
    "total_value_usd": 821748303944.0,
    "total_weight_tons": 6956130.384
  },
  "31": {
    "conversion_factor": 434.4322088922908,
    "total_value_usd": 100998443515.0,
    "total_weight_tons": 232483783.31
  },
  "32": {
    "conversion_factor": 3774.12924196709,
    "total_value_usd": 85241201595.0,
    "total_weight_tons": 22585660.461
  },
  "33": {
    "conversion_factor": 13817.168107990023,
    "total_value_usd": 167901450350.0,
    "total_weight_tons": 12151654.307
  },
  "34": {
    "conversion_factor": 2416.9183542184032,
    "total_value_usd": 77319548155.0,
    "total_weight_tons": 31990964.039
  },
  "35": {
    "conversion_factor": 4435.131881912699,
    "total_value_usd": 40724981122.0,
    "total_weight_tons": 9182360.797
  },
  "36": {
    "conversion_factor": 5438.078063199838,
    "total_value_usd": 6405631337.0,
    "total_weight_tons": 1177921.917
  },
  "37": {
    "conversion_factor": 18580.181391097936,
    "total_value_usd": 13444172810.0,
    "total_weight_tons": 723575.972
  },
  "38": {
    "conversion_factor": 3098.171178404871,
    "total_value_usd": 285849060389.0,
    "total_weight_tons": 92263804.654
  },
  "39": {
    "conversion_factor": 2596.911486228333,
    "total_value_usd": 702896946841.0,
    "total_weight_tons": 270666501.561
  },
  "40": {
    "conversion_factor": 3729.2741857773563,
    "total_value_usd": 219266306507.0,
    "total_weight_tons": 58795973.582
  },
  "41": {
    "conversion_factor": 3325.423821517309,
    "total_value_usd": 16828360695.0,
    "total_weight_tons": 5060516.072
  },
  "42": {
    "conversion_factor": 21392.71087380132,
    "total_value_usd": 94000258585.0,
    "total_weight_tons": 4394032.114
  },
  "43": {
    "conversion_factor": 86969.20727625927,
    "total_value_usd": 3965501548.0,
    "total_weight_tons": 45596.616
  },
  "44": {
    "conversion_factor": 483.0535840180605,
    "total_value_usd": 150952509768.0,
    "total_weight_tons": 312496407.774
  },
  "45": {
    "conversion_factor": 6799.237178823325,
    "total_value_usd": 2391979751.0,
    "total_weight_tons": 351801.19299999997
  },
  "46": {
    "conversion_factor": 5355.194765352275,
    "total_value_usd": 2566251900.0,
    "total_weight_tons": 479207.949
  },
  "47": {
    "conversion_factor": 456.1744950583061,
    "total_value_usd": 56630311477.0,
    "total_weight_tons": 124141774.892
  },
  "48": {
    "conversion_factor": 1415.5394914825495,
    "total_value_usd": 187746562295.0,
    "total_weight_tons": 132632514.617
  },
  "49": {
    "conversion_factor": 8277.815935850522,
    "total_value_usd": 33044565465.0,
    "total_weight_tons": 3991942.527
  },
  "50": {
    "conversion_factor": 43099.365365387086,
    "total_value_usd": 1838984797.0,
    "total_weight_tons": 42668.489
  },
  "51": {
    "conversion_factor": 10905.77178600806,
    "total_value_usd": 10920035205.0,
    "total_weight_tons": 1001307.878
  },
  "52": {
    "conversion_factor": 3410.279568865751,
    "total_value_usd": 51326143263.0,
    "total_weight_tons": 15050421.007
  },
  "53": {
    "conversion_factor": 1867.437766535032,
    "total_value_usd": 5734649445.0,
    "total_weight_tons": 3070865.09
  },
  "54": {
    "conversion_factor": 4028.757829797903,
    "total_value_usd": 49800789864.0,
    "total_weight_tons": 12361326.237
  },
  "55": {
    "conversion_factor": 3317.697944339073,
    "total_value_usd": 36728744239.0,
    "total_weight_tons": 11070550.983
  },
  "56": {
    "conversion_factor": 4716.965996055686,
    "total_value_usd": 28853364947.0,
    "total_weight_tons": 6116932.997
  },
  "57": {
    "conversion_factor": 4671.669273777573,
    "total_value_usd": 16344908588.0,
    "total_weight_tons": 3498729.818
  },
  "58": {
    "conversion_factor": 9968.88078676596,
    "total_value_usd": 11061251324.0,
    "total_weight_tons": 1109578.052
  },
  "59": {
    "conversion_factor": 7554.898834981645,
    "total_value_usd": 25666482457.0,
    "total_weight_tons": 3397329.735
  },