{
  "1": {
    "p2_5": 658.4139918627171,
    "median": 20902.43902439024,
    "p97_5": 858082.0512820462,
    "n_pairs": 5117
  },
  "2": {
    "p2_5": 561.2101647909677,
    "median": 3712.306183435301,
    "p97_5": 38814.11576887424,
    "n_pairs": 5306
  },
  "3": {
    "p2_5": 702.521728395939,
    "median": 6582.508764200616,
    "p97_5": 85750.38679731824,
    "n_pairs": 8114
  },
  "4": {
    "p2_5": 614.685451040463,
    "median": 4021.0084262175583,
    "p97_5": 47325.33924843415,
    "n_pairs": 7653
  },
  "5": {
    "p2_5": 215.7609881156872,
    "median": 5642.282065519156,
    "p97_5": 2032536.3636363638,
    "n_pairs": 4731
  },
  "6": {
    "p2_5": 387.1451962845,
    "median": 7382.2416484303985,
    "p97_5": 133309.5332278481,
    "n_pairs": 6008
  },
  "7": {
    "p2_5": 234.61366212116607,
    "median": 1769.1570741107093,
    "p97_5": 41481.51550020297,
    "n_pairs": 8610
  },
  "8": {
    "p2_5": 350.1324628725207,
    "median": 2653.111534384254,
    "p97_5": 23000.0,
    "n_pairs": 9944
  },
  "9": {
    "p2_5": 687.9312415365974,
    "median": 7417.095959595959,
    "p97_5": 94896.36693216415,
    "n_pairs": 10748
  },
  "10": {
    "p2_5": 184.6977742800794,
    "median": 1050.432214126873,
    "p97_5": 21372.5,
    "n_pairs": 6716
  },
  "11": {
    "p2_5": 303.8813347608851,
    "median": 1164.0421381034444,
    "p97_5": 21694.18316831683,
    "n_pairs": 7406
  },
  "12": {
    "p2_5": 319.9441182309885,
    "median": 5271.343870680621,
    "p97_5": 1152013.8372093036,
    "n_pairs": 9652
  },
  "13": {
    "p2_5": 924.121051174074,
    "median": 15707.371045621047,
    "p97_5": 356450.0,
    "n_pairs": 5586
  },
  "14": {
    "p2_5": 114.01174519308329,
    "median": 2332.7380952380954,
    "p97_5": 94281.25,
    "n_pairs": 3266
  },
  "15": {
    "p2_5": 555.360127556147,
    "median": 2763.9149290343375,
    "p97_5": 59521.354957234085,
    "n_pairs": 9082
  },
  "16": {
    "p2_5": 1000.0,
    "median": 6004.059521938381,
    "p97_5": 79956.5887618099,
    "n_pairs": 6887
  },
  "17": {
    "p2_5": 390.11487249096626,
    "median": 2966.917833968062,
    "p97_5": 37700.13046314416,
    "n_pairs": 9381
  },
  "18": {
    "p2_5": 1139.9859513531671,
    "median": 7381.623693474819,
    "p97_5": 50810.88327091135,
    "n_pairs": 8990
  },
  "19": {
    "p2_5": 614.8471681642459,
    "median": 3598.102338190444,
    "p97_5": 25540.26186579381,
    "n_pairs": 10757
  },
  "20": {
    "p2_5": 480.27110678380024,
    "median": 2440.701645451723,
    "p97_5": 24000.0,
    "n_pairs": 10349
  },
  "21": {
    "p2_5": 815.8637517740387,
    "median": 5737.2822750472915,
    "p97_5": 118310.22727272623,
    "n_pairs": 12228
  },
  "22": {
    "p2_5": 278.6718049604798,
    "median": 2158.4610394226793,
    "p97_5": 48021.19565217392,
    "n_pairs": 12322
  },
  "23": {
    "p2_5": 165.54110711230595,
    "median": 1692.5564520596,
    "p97_5": 36193.0998076287,
    "n_pairs": 7412
  },
  "24": {
    "p2_5": 1371.801559865348,
    "median": 25000.0,
    "p97_5": 436213.30935251765,
    "n_pairs": 6657
  },
  "25": {
    "p2_5": 32.19482752401694,
    "median": 448.01848272476724,
    "p97_5": 36314.06249999998,
    "n_pairs": 8998
  },
  "26": {
    "p2_5": 29.933651964890068,
    "median": 990.0466588386015,
    "p97_5": 80653.15186169486,
    "n_pairs": 3969
  },
  "27": {
    "p2_5": 125.00025549401359,
    "median": 1074.5802853063888,
    "p97_5": 68592.72727272712,
    "n_pairs": 10565
  },
  "28": {
    "p2_5": 188.9521981711513,
    "median": 1524.2832175276571,
    "p97_5": 279885.15625000186,
    "n_pairs": 9442
  },
  "29": {
    "p2_5": 488.81577662770843,
    "median": 4703.013660244012,
    "p97_5": 627708.3149171271,
    "n_pairs": 9697
  },
  "30": {
    "p2_5": 1739.2344843068097,
    "median": 69327.37807822308,
    "p97_5": 2050324.564497456,
    "n_pairs": 12083
  },
  "31": {
    "p2_5": 211.82276088492443,
    "median": 733.8983236911728,
    "p97_5": 37526.16822429902,
    "n_pairs": 6227
  },
  "32": {
    "p2_5": 436.60755997290414,
    "median": 6304.567425188725,
    "p97_5": 176287.7695255025,
    "n_pairs": 10205
  },
  "33": {
    "p2_5": 1166.5396393501708,
    "median": 17609.776496475286,
    "p97_5": 271011.8351063826,
    "n_pairs": 13350
  },
  "34": {
    "p2_5": 666.7849235492685,
    "median": 4043.211647385639,
    "p97_5": 92327.40384615393,
    "n_pairs": 11682
  },
  "35": {
    "p2_5": 613.8142758499894,
    "median": 6353.998467175509,
    "p97_5": 239680.0195567144,
    "n_pairs": 8397
  },
  "36": {
    "p2_5": 939.6041879264787,
    "median": 10677.446953845389,
    "p97_5": 830692.0815602816,
    "n_pairs": 3382
  },
  "37": {
    "p2_5": 1458.9954635990086,
    "median": 23803.717358833932,
    "p97_5": 506762.5,
    "n_pairs": 4326
  },
  "38": {
    "p2_5": 418.98401990122926,
    "median": 5724.930195701871,
    "p97_5": 455035.71428571426,
    "n_pairs": 12336
  },
  "39": {
    "p2_5": 484.5545125592983,
    "median": 5000.0,
    "p97_5": 157977.3936170212,
    "n_pairs": 17075
  },
  "40": {
    "p2_5": 569.7565960418463,
    "median": 8385.651926216051,
    "p97_5": 289778.84615384584,
    "n_pairs": 14104
  },
  "41": {
    "p2_5": 301.89519263264094,
    "median": 15750.0,
    "p97_5": 255655.78986587166,
    "n_pairs": 4613
  },
  "42": {
    "p2_5": 967.0556562988663,
    "median": 33000.0,
    "p97_5": 617474.7720431434,
    "n_pairs": 12924
  },
  "43": {
    "p2_5": 1277.5645819373992,
    "median": 73279.66827870024,
    "p97_5": 1822063.0932203343,
    "n_pairs": 3628
  },
  "44": {
    "p2_5": 193.68950421800523,
    "median": 1609.4022382767785,
    "p97_5": 71213.47826086955,
    "n_pairs": 11930
  },
  "45": {
    "p2_5": 1000.0,
    "median": 12911.292062122518,
    "p97_5": 234219.10112359555,
    "n_pairs": 3335
  },
  "46": {
    "p2_5": 597.9195276257626,
    "median": 10410.686299769543,
    "p97_5": 487413.3064516129,
    "n_pairs": 5296
  },
  "47": {
    "p2_5": 100.38392666239044,
    "median": 659.269563770669,
    "p97_5": 20060.000000000036,
    "n_pairs": 3475
  },
  "48": {
    "p2_5": 456.0167438674737,
    "median": 2922.483940313614,
    "p97_5": 91376.77884615381,
    "n_pairs": 13280
  },
  "49": {
    "p2_5": 556.3462283147461,
    "median": 13511.64924133659,
    "p97_5": 282939.71860196453,
    "n_pairs": 13482
  },
  "50": {
    "p2_5": 1166.1285714285714,
    "median": 83521.73913043478,
    "p97_5": 654641.4285714284,
    "n_pairs": 2397
  },
  "51": {
    "p2_5": 753.4114925088905,
    "median": 28638.418079096045,
    "p97_5": 263129.93920972606,
    "n_pairs": 4063
  },
  "52": {
    "p2_5": 650.3548906757725,
    "median": 11000.0,
    "p97_5": 135167.4268018018,
    "n_pairs": 7046
  },
  "53": {
    "p2_5": 352.9201368414464,
    "median": 12574.468085106382,
    "p97_5": 213624.7771836007,
    "n_pairs": 4311
  },
  "54": {
    "p2_5": 830.1080958368262,
    "median": 9524.211364341714,
    "p97_5": 135663.27392120048,
    "n_pairs": 6910
  },
  "55": {
    "p2_5": 686.4599450599409,
    "median": 7223.210662071073,
    "p97_5": 119705.97048175975,
    "n_pairs": 6192
  },
  "56": {
    "p2_5": 770.677584920585,
    "median": 7816.9829139905105,
    "p97_5": 150000.0,
    "n_pairs": 8757
  },
  "57": {
    "p2_5": 436.5957016925178,
    "median": 6995.174641631334,
    "p97_5": 126619.75806451609,
    "n_pairs": 7688
  },
  "58": {
    "p2_5": 1000.0,
    "median": 20940.307328605202,
    "p97_5": 294724.9999999995,
    "n_pairs": 7258
  },
  "59": {
    "p2_5": 1001.5262134497563,
    "median": 17133.220195163343,
    "p97_5": 260055.08265290956,
    "n_pairs": 8089
  },
  "60": {
    "p2_5": 994.4885754512566,
    "median": 11748.681262253758,
    "p97_5": 160741.66666666648,
    "n_pairs": 5752
  },
  "61": {
    "p2_5": 1843.7048213712424,
    "median": 36616.07422032034,
    "p97_5": 355981.2708120407,
    "n_pairs": 15148
  },
  "62": {
    "p2_5": 1715.5692176360815,
    "median": 45348.242811501594,